pid	model	cell	condition	provider	sample_id	word_count	source_json	output_file
CAP_20261006-mistral-large-4-house_mistral-large-4-0_BV1_SHORT_1	mistralai/mistral-large-4-0	mistral-large-4-0-or-pin-mistral	SHORT	openrouter	mistral-large-4-0-or-pin-mistral/SHORT_1.json	277	/home/agent/work/model-personality-corpus-v2/data/traces_freeflow/freeflow_mistral-large-4-0-or-pin-mistral/SHORT_1.json	/home/agent/work/mpac/analysis/freeflow/personality-eval-bv1/arms/bv1-luna-v1-20260929/outputs/mistral-large-4-0-or-pin-mistral/SHORT_1.md
CAP_20261006-mistral-large-4-house_mistral-large-4-0_BV1_SHORT_2	mistralai/mistral-large-4-0	mistral-large-4-0-or-pin-mistral	SHORT	openrouter	mistral-large-4-0-or-pin-mistral/SHORT_2.json	282	/home/agent/work/model-personality-corpus-v2/data/traces_freeflow/freeflow_mistral-large-4-0-or-pin-mistral/SHORT_2.json	/home/agent/work/mpac/analysis/freeflow/personality-eval-bv1/arms/bv1-luna-v1-20260929/outputs/mistral-large-4-0-or-pin-mistral/SHORT_2.md
CAP_20261006-mistral-large-4-house_mistral-large-4-0_BV1_SHORT_3	mistralai/mistral-large-4-0	mistral-large-4-0-or-pin-mistral	SHORT	openrouter	mistral-large-4-0-or-pin-mistral/SHORT_3.json	249	/home/agent/work/model-personality-corpus-v2/data/traces_freeflow/freeflow_mistral-large-4-0-or-pin-mistral/SHORT_3.json	/home/agent/work/mpac/analysis/freeflow/personality-eval-bv1/arms/bv1-luna-v1-20260929/outputs/mistral-large-4-0-or-pin-mistral/SHORT_3.md
CAP_20261006-mistral-large-4-house_mistral-large-4-0_BV1_SHORT_4	mistralai/mistral-large-4-0	mistral-large-4-0-or-pin-mistral	SHORT	openrouter	mistral-large-4-0-or-pin-mistral/SHORT_4.json	309	/home/agent/work/model-personality-corpus-v2/data/traces_freeflow/freeflow_mistral-large-4-0-or-pin-mistral/SHORT_4.json	/home/agent/work/mpac/analysis/freeflow/personality-eval-bv1/arms/bv1-luna-v1-20260929/outputs/mistral-large-4-0-or-pin-mistral/SHORT_4.md
CAP_20261006-mistral-large-4-house_mistral-large-4-0_BV1_SHORT_5	mistralai/mistral-large-4-0	mistral-large-4-0-or-pin-mistral	SHORT	openrouter	mistral-large-4-0-or-pin-mistral/SHORT_5.json	272	/home/agent/work/model-personality-corpus-v2/data/traces_freeflow/freeflow_mistral-large-4-0-or-pin-mistral/SHORT_5.json	/home/agent/work/mpac/analysis/freeflow/personality-eval-bv1/arms/bv1-luna-v1-20260929/outputs/mistral-large-4-0-or-pin-mistral/SHORT_5.md
CAP_20261006-mistral-large-4-house_mistral-large-4-0_BV1_SHORT_6	mistralai/mistral-large-4-0	mistral-large-4-0-or-pin-mistral	SHORT	openrouter	mistral-large-4-0-or-pin-mistral/SHORT_6.json	284	/home/agent/work/model-personality-corpus-v2/data/traces_freeflow/freeflow_mistral-large-4-0-or-pin-mistral/SHORT_6.json	/home/agent/work/mpac/analysis/freeflow/personality-eval-bv1/arms/bv1-luna-v1-20260929/outputs/mistral-large-4-0-or-pin-mistral/SHORT_6.md
CAP_20261006-mistral-large-4-house_mistral-large-4-0_BV1_SHORT_7	mistralai/mistral-large-4-0	mistral-large-4-0-or-pin-mistral	SHORT	openrouter	mistral-large-4-0-or-pin-mistral/SHORT_7.json	266	/home/agent/work/model-personality-corpus-v2/data/traces_freeflow/freeflow_mistral-large-4-0-or-pin-mistral/SHORT_7.json	/home/agent/work/mpac/analysis/freeflow/personality-eval-bv1/arms/bv1-luna-v1-20260929/outputs/mistral-large-4-0-or-pin-mistral/SHORT_7.md
CAP_20261006-mistral-large-4-house_mistral-large-4-0_BV1_SHORT_8	mistralai/mistral-large-4-0	mistral-large-4-0-or-pin-mistral	SHORT	openrouter	mistral-large-4-0-or-pin-mistral/SHORT_8.json	305	/home/agent/work/model-personality-corpus-v2/data/traces_freeflow/freeflow_mistral-large-4-0-or-pin-mistral/SHORT_8.json	/home/agent/work/mpac/analysis/freeflow/personality-eval-bv1/arms/bv1-luna-v1-20260929/outputs/mistral-large-4-0-or-pin-mistral/SHORT_8.md
CAP_20261006-mistral-large-4-house_mistral-large-4-0_BV1_SHORT_9	mistralai/mistral-large-4-0	mistral-large-4-0-or-pin-mistral	SHORT	openrouter	mistral-large-4-0-or-pin-mistral/SHORT_9.json	280	/home/agent/work/model-personality-corpus-v2/data/traces_freeflow/freeflow_mistral-large-4-0-or-pin-mistral/SHORT_9.json	/home/agent/work/mpac/analysis/freeflow/personality-eval-bv1/arms/bv1-luna-v1-20260929/outputs/mistral-large-4-0-or-pin-mistral/SHORT_9.md
CAP_20261006-mistral-large-4-house_mistral-large-4-0_BV1_SHORT_10	mistralai/mistral-large-4-0	mistral-large-4-0-or-pin-mistral	SHORT	openrouter	mistral-large-4-0-or-pin-mistral/SHORT_10.json	255	/home/agent/work/model-personality-corpus-v2/data/traces_freeflow/freeflow_mistral-large-4-0-or-pin-mistral/SHORT_10.json	/home/agent/work/mpac/analysis/freeflow/personality-eval-bv1/arms/bv1-luna-v1-20260929/outputs/mistral-large-4-0-or-pin-mistral/SHORT_10.md
CAP_20261006-mistral-large-4-house_mistral-large-4-0_BV1_SHORT_11	mistralai/mistral-large-4-0	mistral-large-4-0-or-pin-mistral	SHORT	openrouter	mistral-large-4-0-or-pin-mistral/SHORT_11.json	274	/home/agent/work/model-personality-corpus-v2/data/traces_freeflow/freeflow_mistral-large-4-0-or-pin-mistral/SHORT_11.json	/home/agent/work/mpac/analysis/freeflow/personality-eval-bv1/arms/bv1-luna-v1-20260929/outputs/mistral-large-4-0-or-pin-mistral/SHORT_11.md
CAP_20261006-mistral-large-4-house_mistral-large-4-0_BV1_SHORT_12	mistralai/mistral-large-4-0	mistral-large-4-0-or-pin-mistral	SHORT	openrouter	mistral-large-4-0-or-pin-mistral/SHORT_12.json	274	/home/agent/work/model-personality-corpus-v2/data/traces_freeflow/freeflow_mistral-large-4-0-or-pin-mistral/SHORT_12.json	/home/agent/work/mpac/analysis/freeflow/personality-eval-bv1/arms/bv1-luna-v1-20260929/outputs/mistral-large-4-0-or-pin-mistral/SHORT_12.md
CAP_20261006-mistral-large-4-house_mistral-large-4-0_BV1_SHORT_13	mistralai/mistral-large-4-0	mistral-large-4-0-or-pin-mistral	SHORT	openrouter	mistral-large-4-0-or-pin-mistral/SHORT_13.json	295	/home/agent/work/model-personality-corpus-v2/data/traces_freeflow/freeflow_mistral-large-4-0-or-pin-mistral/SHORT_13.json	/home/agent/work/mpac/analysis/freeflow/personality-eval-bv1/arms/bv1-luna-v1-20260929/outputs/mistral-large-4-0-or-pin-mistral/SHORT_13.md
CAP_20261006-mistral-large-4-house_mistral-large-4-0_BV1_SHORT_14	mistralai/mistral-large-4-0	mistral-large-4-0-or-pin-mistral	SHORT	openrouter	mistral-large-4-0-or-pin-mistral/SHORT_14.json	288	/home/agent/work/model-personality-corpus-v2/data/traces_freeflow/freeflow_mistral-large-4-0-or-pin-mistral/SHORT_14.json	/home/agent/work/mpac/analysis/freeflow/personality-eval-bv1/arms/bv1-luna-v1-20260929/outputs/mistral-large-4-0-or-pin-mistral/SHORT_14.md
CAP_20261006-mistral-large-4-house_mistral-large-4-0_BV1_SHORT_15	mistralai/mistral-large-4-0	mistral-large-4-0-or-pin-mistral	SHORT	openrouter	mistral-large-4-0-or-pin-mistral/SHORT_15.json	291	/home/agent/work/model-personality-corpus-v2/data/traces_freeflow/freeflow_mistral-large-4-0-or-pin-mistral/SHORT_15.json	/home/agent/work/mpac/analysis/freeflow/personality-eval-bv1/arms/bv1-luna-v1-20260929/outputs/mistral-large-4-0-or-pin-mistral/SHORT_15.md
CAP_20261006-mistral-large-4-house_mistral-large-4-0_BV1_SHORT_16	mistralai/mistral-large-4-0	mistral-large-4-0-or-pin-mistral	SHORT	openrouter	mistral-large-4-0-or-pin-mistral/SHORT_16.json	268	/home/agent/work/model-personality-corpus-v2/data/traces_freeflow/freeflow_mistral-large-4-0-or-pin-mistral/SHORT_16.json	/home/agent/work/mpac/analysis/freeflow/personality-eval-bv1/arms/bv1-luna-v1-20260929/outputs/mistral-large-4-0-or-pin-mistral/SHORT_16.md
CAP_20261006-mistral-large-4-house_mistral-large-4-0_BV1_SHORT_17	mistralai/mistral-large-4-0	mistral-large-4-0-or-pin-mistral	SHORT	openrouter	mistral-large-4-0-or-pin-mistral/SHORT_17.json	280	/home/agent/work/model-personality-corpus-v2/data/traces_freeflow/freeflow_mistral-large-4-0-or-pin-mistral/SHORT_17.json	/home/agent/work/mpac/analysis/freeflow/personality-eval-bv1/arms/bv1-luna-v1-20260929/outputs/mistral-large-4-0-or-pin-mistral/SHORT_17.md
CAP_20261006-mistral-large-4-house_mistral-large-4-0_BV1_SHORT_18	mistralai/mistral-large-4-0	mistral-large-4-0-or-pin-mistral	SHORT	openrouter	mistral-large-4-0-or-pin-mistral/SHORT_18.json	288	/home/agent/work/model-personality-corpus-v2/data/traces_freeflow/freeflow_mistral-large-4-0-or-pin-mistral/SHORT_18.json	/home/agent/work/mpac/analysis/freeflow/personality-eval-bv1/arms/bv1-luna-v1-20260929/outputs/mistral-large-4-0-or-pin-mistral/SHORT_18.md
CAP_20261006-mistral-large-4-house_mistral-large-4-0_BV1_SHORT_19	mistralai/mistral-large-4-0	mistral-large-4-0-or-pin-mistral	SHORT	openrouter	mistral-large-4-0-or-pin-mistral/SHORT_19.json	260	/home/agent/work/model-personality-corpus-v2/data/traces_freeflow/freeflow_mistral-large-4-0-or-pin-mistral/SHORT_19.json	/home/agent/work/mpac/analysis/freeflow/personality-eval-bv1/arms/bv1-luna-v1-20260929/outputs/mistral-large-4-0-or-pin-mistral/SHORT_19.md
CAP_20261006-mistral-large-4-house_mistral-large-4-0_BV1_SHORT_20	mistralai/mistral-large-4-0	mistral-large-4-0-or-pin-mistral	SHORT	openrouter	mistral-large-4-0-or-pin-mistral/SHORT_20.json	276	/home/agent/work/model-personality-corpus-v2/data/traces_freeflow/freeflow_mistral-large-4-0-or-pin-mistral/SHORT_20.json	/home/agent/work/mpac/analysis/freeflow/personality-eval-bv1/arms/bv1-luna-v1-20260929/outputs/mistral-large-4-0-or-pin-mistral/SHORT_20.md
CAP_20261006-mistral-large-4-house_mistral-large-4-0_BV1_SHORT_21	mistralai/mistral-large-4-0	mistral-large-4-0-or-pin-mistral	SHORT	openrouter	mistral-large-4-0-or-pin-mistral/SHORT_21.json	286	/home/agent/work/model-personality-corpus-v2/data/traces_freeflow/freeflow_mistral-large-4-0-or-pin-mistral/SHORT_21.json	/home/agent/work/mpac/analysis/freeflow/personality-eval-bv1/arms/bv1-luna-v1-20260929/outputs/mistral-large-4-0-or-pin-mistral/SHORT_21.md
CAP_20261006-mistral-large-4-house_mistral-large-4-0_BV1_SHORT_22	mistralai/mistral-large-4-0	mistral-large-4-0-or-pin-mistral	SHORT	openrouter	mistral-large-4-0-or-pin-mistral/SHORT_22.json	271	/home/agent/work/model-personality-corpus-v2/data/traces_freeflow/freeflow_mistral-large-4-0-or-pin-mistral/SHORT_22.json	/home/agent/work/mpac/analysis/freeflow/personality-eval-bv1/arms/bv1-luna-v1-20260929/outputs/mistral-large-4-0-or-pin-mistral/SHORT_22.md
CAP_20261006-mistral-large-4-house_mistral-large-4-0_BV1_SHORT_23	mistralai/mistral-large-4-0	mistral-large-4-0-or-pin-mistral	SHORT	openrouter	mistral-large-4-0-or-pin-mistral/SHORT_23.json	267	/home/agent/work/model-personality-corpus-v2/data/traces_freeflow/freeflow_mistral-large-4-0-or-pin-mistral/SHORT_23.json	/home/agent/work/mpac/analysis/freeflow/personality-eval-bv1/arms/bv1-luna-v1-20260929/outputs/mistral-large-4-0-or-pin-mistral/SHORT_23.md
CAP_20261006-mistral-large-4-house_mistral-large-4-0_BV1_SHORT_24	mistralai/mistral-large-4-0	mistral-large-4-0-or-pin-mistral	SHORT	openrouter	mistral-large-4-0-or-pin-mistral/SHORT_24.json	264	/home/agent/work/model-personality-corpus-v2/data/traces_freeflow/freeflow_mistral-large-4-0-or-pin-mistral/SHORT_24.json	/home/agent/work/mpac/analysis/freeflow/personality-eval-bv1/arms/bv1-luna-v1-20260929/outputs/mistral-large-4-0-or-pin-mistral/SHORT_24.md
CAP_20261006-mistral-large-4-house_mistral-large-4-0_BV1_SHORT_25	mistralai/mistral-large-4-0	mistral-large-4-0-or-pin-mistral	SHORT	openrouter	mistral-large-4-0-or-pin-mistral/SHORT_25.json	295	/home/agent/work/model-personality-corpus-v2/data/traces_freeflow/freeflow_mistral-large-4-0-or-pin-mistral/SHORT_25.json	/home/agent/work/mpac/analysis/freeflow/personality-eval-bv1/arms/bv1-luna-v1-20260929/outputs/mistral-large-4-0-or-pin-mistral/SHORT_25.md
CAP_20261006-mistral-large-4-house_mistral-large-4-0_BV1_MID_1	mistralai/mistral-large-4-0	mistral-large-4-0-or-pin-mistral	MID	openrouter	mistral-large-4-0-or-pin-mistral/MID_1.json	1001	/home/agent/work/model-personality-corpus-v2/data/traces_freeflow/freeflow_mistral-large-4-0-or-pin-mistral/MID_1.json	/home/agent/work/mpac/analysis/freeflow/personality-eval-bv1/arms/bv1-luna-v1-20260929/outputs/mistral-large-4-0-or-pin-mistral/MID_1.md
CAP_20261006-mistral-large-4-house_mistral-large-4-0_BV1_MID_2	mistralai/mistral-large-4-0	mistral-large-4-0-or-pin-mistral	MID	openrouter	mistral-large-4-0-or-pin-mistral/MID_2.json	1041	/home/agent/work/model-personality-corpus-v2/data/traces_freeflow/freeflow_mistral-large-4-0-or-pin-mistral/MID_2.json	/home/agent/work/mpac/analysis/freeflow/personality-eval-bv1/arms/bv1-luna-v1-20260929/outputs/mistral-large-4-0-or-pin-mistral/MID_2.md
CAP_20261006-mistral-large-4-house_mistral-large-4-0_BV1_MID_3	mistralai/mistral-large-4-0	mistral-large-4-0-or-pin-mistral	MID	openrouter	mistral-large-4-0-or-pin-mistral/MID_3.json	926	/home/agent/work/model-personality-corpus-v2/data/traces_freeflow/freeflow_mistral-large-4-0-or-pin-mistral/MID_3.json	/home/agent/work/mpac/analysis/freeflow/personality-eval-bv1/arms/bv1-luna-v1-20260929/outputs/mistral-large-4-0-or-pin-mistral/MID_3.md
CAP_20261006-mistral-large-4-house_mistral-large-4-0_BV1_MID_4	mistralai/mistral-large-4-0	mistral-large-4-0-or-pin-mistral	MID	openrouter	mistral-large-4-0-or-pin-mistral/MID_4.json	1055	/home/agent/work/model-personality-corpus-v2/data/traces_freeflow/freeflow_mistral-large-4-0-or-pin-mistral/MID_4.json	/home/agent/work/mpac/analysis/freeflow/personality-eval-bv1/arms/bv1-luna-v1-20260929/outputs/mistral-large-4-0-or-pin-mistral/MID_4.md
CAP_20261006-mistral-large-4-house_mistral-large-4-0_BV1_MID_5	mistralai/mistral-large-4-0	mistral-large-4-0-or-pin-mistral	MID	openrouter	mistral-large-4-0-or-pin-mistral/MID_5.json	1115	/home/agent/work/model-personality-corpus-v2/data/traces_freeflow/freeflow_mistral-large-4-0-or-pin-mistral/MID_5.json	/home/agent/work/mpac/analysis/freeflow/personality-eval-bv1/arms/bv1-luna-v1-20260929/outputs/mistral-large-4-0-or-pin-mistral/MID_5.md
CAP_20261006-mistral-large-4-house_mistral-large-4-0_BV1_MID_6	mistralai/mistral-large-4-0	mistral-large-4-0-or-pin-mistral	MID	openrouter	mistral-large-4-0-or-pin-mistral/MID_6.json	1221	/home/agent/work/model-personality-corpus-v2/data/traces_freeflow/freeflow_mistral-large-4-0-or-pin-mistral/MID_6.json	/home/agent/work/mpac/analysis/freeflow/personality-eval-bv1/arms/bv1-luna-v1-20260929/outputs/mistral-large-4-0-or-pin-mistral/MID_6.md
CAP_20261006-mistral-large-4-house_mistral-large-4-0_BV1_MID_7	mistralai/mistral-large-4-0	mistral-large-4-0-or-pin-mistral	MID	openrouter	mistral-large-4-0-or-pin-mistral/MID_7.json	1088	/home/agent/work/model-personality-corpus-v2/data/traces_freeflow/freeflow_mistral-large-4-0-or-pin-mistral/MID_7.json	/home/agent/work/mpac/analysis/freeflow/personality-eval-bv1/arms/bv1-luna-v1-20260929/outputs/mistral-large-4-0-or-pin-mistral/MID_7.md
CAP_20261006-mistral-large-4-house_mistral-large-4-0_BV1_MID_8	mistralai/mistral-large-4-0	mistral-large-4-0-or-pin-mistral	MID	openrouter	mistral-large-4-0-or-pin-mistral/MID_8.json	994	/home/agent/work/model-personality-corpus-v2/data/traces_freeflow/freeflow_mistral-large-4-0-or-pin-mistral/MID_8.json	/home/agent/work/mpac/analysis/freeflow/personality-eval-bv1/arms/bv1-luna-v1-20260929/outputs/mistral-large-4-0-or-pin-mistral/MID_8.md
CAP_20261006-mistral-large-4-house_mistral-large-4-0_BV1_MID_9	mistralai/mistral-large-4-0	mistral-large-4-0-or-pin-mistral	MID	openrouter	mistral-large-4-0-or-pin-mistral/MID_9.json	946	/home/agent/work/model-personality-corpus-v2/data/traces_freeflow/freeflow_mistral-large-4-0-or-pin-mistral/MID_9.json	/home/agent/work/mpac/analysis/freeflow/personality-eval-bv1/arms/bv1-luna-v1-20260929/outputs/mistral-large-4-0-or-pin-mistral/MID_9.md
CAP_20261006-mistral-large-4-house_mistral-large-4-0_BV1_MID_10	mistralai/mistral-large-4-0	mistral-large-4-0-or-pin-mistral	MID	openrouter	mistral-large-4-0-or-pin-mistral/MID_10.json	1124	/home/agent/work/model-personality-corpus-v2/data/traces_freeflow/freeflow_mistral-large-4-0-or-pin-mistral/MID_10.json	/home/agent/work/mpac/analysis/freeflow/personality-eval-bv1/arms/bv1-luna-v1-20260929/outputs/mistral-large-4-0-or-pin-mistral/MID_10.md
CAP_20261006-mistral-large-4-house_mistral-large-4-0_BV1_MID_11	mistralai/mistral-large-4-0	mistral-large-4-0-or-pin-mistral	MID	openrouter	mistral-large-4-0-or-pin-mistral/MID_11.json	846	/home/agent/work/model-personality-corpus-v2/data/traces_freeflow/freeflow_mistral-large-4-0-or-pin-mistral/MID_11.json	/home/agent/work/mpac/analysis/freeflow/personality-eval-bv1/arms/bv1-luna-v1-20260929/outputs/mistral-large-4-0-or-pin-mistral/MID_11.md
CAP_20261006-mistral-large-4-house_mistral-large-4-0_BV1_MID_12	mistralai/mistral-large-4-0	mistral-large-4-0-or-pin-mistral	MID	openrouter	mistral-large-4-0-or-pin-mistral/MID_12.json	1082	/home/agent/work/model-personality-corpus-v2/data/traces_freeflow/freeflow_mistral-large-4-0-or-pin-mistral/MID_12.json	/home/agent/work/mpac/analysis/freeflow/personality-eval-bv1/arms/bv1-luna-v1-20260929/outputs/mistral-large-4-0-or-pin-mistral/MID_12.md
CAP_20261006-mistral-large-4-house_mistral-large-4-0_BV1_MID_13	mistralai/mistral-large-4-0	mistral-large-4-0-or-pin-mistral	MID	openrouter	mistral-large-4-0-or-pin-mistral/MID_13.json	1360	/home/agent/work/model-personality-corpus-v2/data/traces_freeflow/freeflow_mistral-large-4-0-or-pin-mistral/MID_13.json	/home/agent/work/mpac/analysis/freeflow/personality-eval-bv1/arms/bv1-luna-v1-20260929/outputs/mistral-large-4-0-or-pin-mistral/MID_13.md
CAP_20261006-mistral-large-4-house_mistral-large-4-0_BV1_MID_14	mistralai/mistral-large-4-0	mistral-large-4-0-or-pin-mistral	MID	openrouter	mistral-large-4-0-or-pin-mistral/MID_14.json	1021	/home/agent/work/model-personality-corpus-v2/data/traces_freeflow/freeflow_mistral-large-4-0-or-pin-mistral/MID_14.json	/home/agent/work/mpac/analysis/freeflow/personality-eval-bv1/arms/bv1-luna-v1-20260929/outputs/mistral-large-4-0-or-pin-mistral/MID_14.md
CAP_20261006-mistral-large-4-house_mistral-large-4-0_BV1_MID_15	mistralai/mistral-large-4-0	mistral-large-4-0-or-pin-mistral	MID	openrouter	mistral-large-4-0-or-pin-mistral/MID_15.json	1185	/home/agent/work/model-personality-corpus-v2/data/traces_freeflow/freeflow_mistral-large-4-0-or-pin-mistral/MID_15.json	/home/agent/work/mpac/analysis/freeflow/personality-eval-bv1/arms/bv1-luna-v1-20260929/outputs/mistral-large-4-0-or-pin-mistral/MID_15.md
CAP_20261006-mistral-large-4-house_mistral-large-4-0_BV1_MID_16	mistralai/mistral-large-4-0	mistral-large-4-0-or-pin-mistral	MID	openrouter	mistral-large-4-0-or-pin-mistral/MID_16.json	825	/home/agent/work/model-personality-corpus-v2/data/traces_freeflow/freeflow_mistral-large-4-0-or-pin-mistral/MID_16.json	/home/agent/work/mpac/analysis/freeflow/personality-eval-bv1/arms/bv1-luna-v1-20260929/outputs/mistral-large-4-0-or-pin-mistral/MID_16.md
CAP_20261006-mistral-large-4-house_mistral-large-4-0_BV1_MID_17	mistralai/mistral-large-4-0	mistral-large-4-0-or-pin-mistral	MID	openrouter	mistral-large-4-0-or-pin-mistral/MID_17.json	1073	/home/agent/work/model-personality-corpus-v2/data/traces_freeflow/freeflow_mistral-large-4-0-or-pin-mistral/MID_17.json	/home/agent/work/mpac/analysis/freeflow/personality-eval-bv1/arms/bv1-luna-v1-20260929/outputs/mistral-large-4-0-or-pin-mistral/MID_17.md
CAP_20261006-mistral-large-4-house_mistral-large-4-0_BV1_MID_18	mistralai/mistral-large-4-0	mistral-large-4-0-or-pin-mistral	MID	openrouter	mistral-large-4-0-or-pin-mistral/MID_18.json	817	/home/agent/work/model-personality-corpus-v2/data/traces_freeflow/freeflow_mistral-large-4-0-or-pin-mistral/MID_18.json	/home/agent/work/mpac/analysis/freeflow/personality-eval-bv1/arms/bv1-luna-v1-20260929/outputs/mistral-large-4-0-or-pin-mistral/MID_18.md
CAP_20261006-mistral-large-4-house_mistral-large-4-0_BV1_MID_19	mistralai/mistral-large-4-0	mistral-large-4-0-or-pin-mistral	MID	openrouter	mistral-large-4-0-or-pin-mistral/MID_19.json	944	/home/agent/work/model-personality-corpus-v2/data/traces_freeflow/freeflow_mistral-large-4-0-or-pin-mistral/MID_19.json	/home/agent/work/mpac/analysis/freeflow/personality-eval-bv1/arms/bv1-luna-v1-20260929/outputs/mistral-large-4-0-or-pin-mistral/MID_19.md
CAP_20261006-mistral-large-4-house_mistral-large-4-0_BV1_MID_20	mistralai/mistral-large-4-0	mistral-large-4-0-or-pin-mistral	MID	openrouter	mistral-large-4-0-or-pin-mistral/MID_20.json	1097	/home/agent/work/model-personality-corpus-v2/data/traces_freeflow/freeflow_mistral-large-4-0-or-pin-mistral/MID_20.json	/home/agent/work/mpac/analysis/freeflow/personality-eval-bv1/arms/bv1-luna-v1-20260929/outputs/mistral-large-4-0-or-pin-mistral/MID_20.md
CAP_20261006-mistral-large-4-house_mistral-large-4-0_BV1_MID_21	mistralai/mistral-large-4-0	mistral-large-4-0-or-pin-mistral	MID	openrouter	mistral-large-4-0-or-pin-mistral/MID_21.json	987	/home/agent/work/model-personality-corpus-v2/data/traces_freeflow/freeflow_mistral-large-4-0-or-pin-mistral/MID_21.json	/home/agent/work/mpac/analysis/freeflow/personality-eval-bv1/arms/bv1-luna-v1-20260929/outputs/mistral-large-4-0-or-pin-mistral/MID_21.md
CAP_20261006-mistral-large-4-house_mistral-large-4-0_BV1_MID_22	mistralai/mistral-large-4-0	mistral-large-4-0-or-pin-mistral	MID	openrouter	mistral-large-4-0-or-pin-mistral/MID_22.json	1119	/home/agent/work/model-personality-corpus-v2/data/traces_freeflow/freeflow_mistral-large-4-0-or-pin-mistral/MID_22.json	/home/agent/work/mpac/analysis/freeflow/personality-eval-bv1/arms/bv1-luna-v1-20260929/outputs/mistral-large-4-0-or-pin-mistral/MID_22.md
CAP_20261006-mistral-large-4-house_mistral-large-4-0_BV1_MID_23	mistralai/mistral-large-4-0	mistral-large-4-0-or-pin-mistral	MID	openrouter	mistral-large-4-0-or-pin-mistral/MID_23.json	1077	/home/agent/work/model-personality-corpus-v2/data/traces_freeflow/freeflow_mistral-large-4-0-or-pin-mistral/MID_23.json	/home/agent/work/mpac/analysis/freeflow/personality-eval-bv1/arms/bv1-luna-v1-20260929/outputs/mistral-large-4-0-or-pin-mistral/MID_23.md
CAP_20261006-mistral-large-4-house_mistral-large-4-0_BV1_MID_24	mistralai/mistral-large-4-0	mistral-large-4-0-or-pin-mistral	MID	openrouter	mistral-large-4-0-or-pin-mistral/MID_24.json	824	/home/agent/work/model-personality-corpus-v2/data/traces_freeflow/freeflow_mistral-large-4-0-or-pin-mistral/MID_24.json	/home/agent/work/mpac/analysis/freeflow/personality-eval-bv1/arms/bv1-luna-v1-20260929/outputs/mistral-large-4-0-or-pin-mistral/MID_24.md
CAP_20261006-mistral-large-4-house_mistral-large-4-0_BV1_MID_25	mistralai/mistral-large-4-0	mistral-large-4-0-or-pin-mistral	MID	openrouter	mistral-large-4-0-or-pin-mistral/MID_25.json	1166	/home/agent/work/model-personality-corpus-v2/data/traces_freeflow/freeflow_mistral-large-4-0-or-pin-mistral/MID_25.json	/home/agent/work/mpac/analysis/freeflow/personality-eval-bv1/arms/bv1-luna-v1-20260929/outputs/mistral-large-4-0-or-pin-mistral/MID_25.md
CAP_20261006-mistral-large-4-house_mistral-large-4-0_BV1_LONG_1	mistralai/mistral-large-4-0	mistral-large-4-0-or-pin-mistral	LONG	openrouter	mistral-large-4-0-or-pin-mistral/LONG_1.json	2936	/home/agent/work/model-personality-corpus-v2/data/traces_freeflow/freeflow_mistral-large-4-0-or-pin-mistral/LONG_1.json	/home/agent/work/mpac/analysis/freeflow/personality-eval-bv1/arms/bv1-luna-v1-20260929/outputs/mistral-large-4-0-or-pin-mistral/LONG_1.md
CAP_20261006-mistral-large-4-house_mistral-large-4-0_BV1_LONG_2	mistralai/mistral-large-4-0	mistral-large-4-0-or-pin-mistral	LONG	openrouter	mistral-large-4-0-or-pin-mistral/LONG_2.json	2620	/home/agent/work/model-personality-corpus-v2/data/traces_freeflow/freeflow_mistral-large-4-0-or-pin-mistral/LONG_2.json	/home/agent/work/mpac/analysis/freeflow/personality-eval-bv1/arms/bv1-luna-v1-20260929/outputs/mistral-large-4-0-or-pin-mistral/LONG_2.md
CAP_20261006-mistral-large-4-house_mistral-large-4-0_BV1_LONG_3	mistralai/mistral-large-4-0	mistral-large-4-0-or-pin-mistral	LONG	openrouter	mistral-large-4-0-or-pin-mistral/LONG_3.json	2483	/home/agent/work/model-personality-corpus-v2/data/traces_freeflow/freeflow_mistral-large-4-0-or-pin-mistral/LONG_3.json	/home/agent/work/mpac/analysis/freeflow/personality-eval-bv1/arms/bv1-luna-v1-20260929/outputs/mistral-large-4-0-or-pin-mistral/LONG_3.md
CAP_20261006-mistral-large-4-house_mistral-large-4-0_BV1_LONG_4	mistralai/mistral-large-4-0	mistral-large-4-0-or-pin-mistral	LONG	openrouter	mistral-large-4-0-or-pin-mistral/LONG_4.json	4503	/home/agent/work/model-personality-corpus-v2/data/traces_freeflow/freeflow_mistral-large-4-0-or-pin-mistral/LONG_4.json	/home/agent/work/mpac/analysis/freeflow/personality-eval-bv1/arms/bv1-luna-v1-20260929/outputs/mistral-large-4-0-or-pin-mistral/LONG_4.md
CAP_20261006-mistral-large-4-house_mistral-large-4-0_BV1_LONG_5	mistralai/mistral-large-4-0	mistral-large-4-0-or-pin-mistral	LONG	openrouter	mistral-large-4-0-or-pin-mistral/LONG_5.json	2235	/home/agent/work/model-personality-corpus-v2/data/traces_freeflow/freeflow_mistral-large-4-0-or-pin-mistral/LONG_5.json	/home/agent/work/mpac/analysis/freeflow/personality-eval-bv1/arms/bv1-luna-v1-20260929/outputs/mistral-large-4-0-or-pin-mistral/LONG_5.md
CAP_20261006-mistral-large-4-house_mistral-large-4-0_BV1_LONG_6	mistralai/mistral-large-4-0	mistral-large-4-0-or-pin-mistral	LONG	openrouter	mistral-large-4-0-or-pin-mistral/LONG_6.json	2173	/home/agent/work/model-personality-corpus-v2/data/traces_freeflow/freeflow_mistral-large-4-0-or-pin-mistral/LONG_6.json	/home/agent/work/mpac/analysis/freeflow/personality-eval-bv1/arms/bv1-luna-v1-20260929/outputs/mistral-large-4-0-or-pin-mistral/LONG_6.md
CAP_20261006-mistral-large-4-house_mistral-large-4-0_BV1_LONG_7	mistralai/mistral-large-4-0	mistral-large-4-0-or-pin-mistral	LONG	openrouter	mistral-large-4-0-or-pin-mistral/LONG_7.json	2167	/home/agent/work/model-personality-corpus-v2/data/traces_freeflow/freeflow_mistral-large-4-0-or-pin-mistral/LONG_7.json	/home/agent/work/mpac/analysis/freeflow/personality-eval-bv1/arms/bv1-luna-v1-20260929/outputs/mistral-large-4-0-or-pin-mistral/LONG_7.md
CAP_20261006-mistral-large-4-house_mistral-large-4-0_BV1_LONG_8	mistralai/mistral-large-4-0	mistral-large-4-0-or-pin-mistral	LONG	openrouter	mistral-large-4-0-or-pin-mistral/LONG_8.json	2461	/home/agent/work/model-personality-corpus-v2/data/traces_freeflow/freeflow_mistral-large-4-0-or-pin-mistral/LONG_8.json	/home/agent/work/mpac/analysis/freeflow/personality-eval-bv1/arms/bv1-luna-v1-20260929/outputs/mistral-large-4-0-or-pin-mistral/LONG_8.md
CAP_20261006-mistral-large-4-house_mistral-large-4-0_BV1_LONG_9	mistralai/mistral-large-4-0	mistral-large-4-0-or-pin-mistral	LONG	openrouter	mistral-large-4-0-or-pin-mistral/LONG_9.json	2034	/home/agent/work/model-personality-corpus-v2/data/traces_freeflow/freeflow_mistral-large-4-0-or-pin-mistral/LONG_9.json	/home/agent/work/mpac/analysis/freeflow/personality-eval-bv1/arms/bv1-luna-v1-20260929/outputs/mistral-large-4-0-or-pin-mistral/LONG_9.md
CAP_20261006-mistral-large-4-house_mistral-large-4-0_BV1_LONG_10	mistralai/mistral-large-4-0	mistral-large-4-0-or-pin-mistral	LONG	openrouter	mistral-large-4-0-or-pin-mistral/LONG_10.json	2476	/home/agent/work/model-personality-corpus-v2/data/traces_freeflow/freeflow_mistral-large-4-0-or-pin-mistral/LONG_10.json	/home/agent/work/mpac/analysis/freeflow/personality-eval-bv1/arms/bv1-luna-v1-20260929/outputs/mistral-large-4-0-or-pin-mistral/LONG_10.md
CAP_20261006-mistral-large-4-house_mistral-large-4-0_BV1_LONG_11	mistralai/mistral-large-4-0	mistral-large-4-0-or-pin-mistral	LONG	openrouter	mistral-large-4-0-or-pin-mistral/LONG_11.json	2534	/home/agent/work/model-personality-corpus-v2/data/traces_freeflow/freeflow_mistral-large-4-0-or-pin-mistral/LONG_11.json	/home/agent/work/mpac/analysis/freeflow/personality-eval-bv1/arms/bv1-luna-v1-20260929/outputs/mistral-large-4-0-or-pin-mistral/LONG_11.md
CAP_20261006-mistral-large-4-house_mistral-large-4-0_BV1_LONG_12	mistralai/mistral-large-4-0	mistral-large-4-0-or-pin-mistral	LONG	openrouter	mistral-large-4-0-or-pin-mistral/LONG_12.json	2645	/home/agent/work/model-personality-corpus-v2/data/traces_freeflow/freeflow_mistral-large-4-0-or-pin-mistral/LONG_12.json	/home/agent/work/mpac/analysis/freeflow/personality-eval-bv1/arms/bv1-luna-v1-20260929/outputs/mistral-large-4-0-or-pin-mistral/LONG_12.md
CAP_20261006-mistral-large-4-house_mistral-large-4-0_BV1_LONG_13	mistralai/mistral-large-4-0	mistral-large-4-0-or-pin-mistral	LONG	openrouter	mistral-large-4-0-or-pin-mistral/LONG_13.json	3795	/home/agent/work/model-personality-corpus-v2/data/traces_freeflow/freeflow_mistral-large-4-0-or-pin-mistral/LONG_13.json	/home/agent/work/mpac/analysis/freeflow/personality-eval-bv1/arms/bv1-luna-v1-20260929/outputs/mistral-large-4-0-or-pin-mistral/LONG_13.md
CAP_20261006-mistral-large-4-house_mistral-large-4-0_BV1_LONG_14	mistralai/mistral-large-4-0	mistral-large-4-0-or-pin-mistral	LONG	openrouter	mistral-large-4-0-or-pin-mistral/LONG_14.json	3835	/home/agent/work/model-personality-corpus-v2/data/traces_freeflow/freeflow_mistral-large-4-0-or-pin-mistral/LONG_14.json	/home/agent/work/mpac/analysis/freeflow/personality-eval-bv1/arms/bv1-luna-v1-20260929/outputs/mistral-large-4-0-or-pin-mistral/LONG_14.md
CAP_20261006-mistral-large-4-house_mistral-large-4-0_BV1_LONG_15	mistralai/mistral-large-4-0	mistral-large-4-0-or-pin-mistral	LONG	openrouter	mistral-large-4-0-or-pin-mistral/LONG_15.json	2468	/home/agent/work/model-personality-corpus-v2/data/traces_freeflow/freeflow_mistral-large-4-0-or-pin-mistral/LONG_15.json	/home/agent/work/mpac/analysis/freeflow/personality-eval-bv1/arms/bv1-luna-v1-20260929/outputs/mistral-large-4-0-or-pin-mistral/LONG_15.md
CAP_20261006-mistral-large-4-house_mistral-large-4-0_BV1_LONG_16	mistralai/mistral-large-4-0	mistral-large-4-0-or-pin-mistral	LONG	openrouter	mistral-large-4-0-or-pin-mistral/LONG_16.json	2346	/home/agent/work/model-personality-corpus-v2/data/traces_freeflow/freeflow_mistral-large-4-0-or-pin-mistral/LONG_16.json	/home/agent/work/mpac/analysis/freeflow/personality-eval-bv1/arms/bv1-luna-v1-20260929/outputs/mistral-large-4-0-or-pin-mistral/LONG_16.md
CAP_20261006-mistral-large-4-house_mistral-large-4-0_BV1_LONG_17	mistralai/mistral-large-4-0	mistral-large-4-0-or-pin-mistral	LONG	openrouter	mistral-large-4-0-or-pin-mistral/LONG_17.json	2857	/home/agent/work/model-personality-corpus-v2/data/traces_freeflow/freeflow_mistral-large-4-0-or-pin-mistral/LONG_17.json	/home/agent/work/mpac/analysis/freeflow/personality-eval-bv1/arms/bv1-luna-v1-20260929/outputs/mistral-large-4-0-or-pin-mistral/LONG_17.md
CAP_20261006-mistral-large-4-house_mistral-large-4-0_BV1_LONG_18	mistralai/mistral-large-4-0	mistral-large-4-0-or-pin-mistral	LONG	openrouter	mistral-large-4-0-or-pin-mistral/LONG_18.json	2292	/home/agent/work/model-personality-corpus-v2/data/traces_freeflow/freeflow_mistral-large-4-0-or-pin-mistral/LONG_18.json	/home/agent/work/mpac/analysis/freeflow/personality-eval-bv1/arms/bv1-luna-v1-20260929/outputs/mistral-large-4-0-or-pin-mistral/LONG_18.md
CAP_20261006-mistral-large-4-house_mistral-large-4-0_BV1_LONG_19	mistralai/mistral-large-4-0	mistral-large-4-0-or-pin-mistral	LONG	openrouter	mistral-large-4-0-or-pin-mistral/LONG_19.json	3031	/home/agent/work/model-personality-corpus-v2/data/traces_freeflow/freeflow_mistral-large-4-0-or-pin-mistral/LONG_19.json	/home/agent/work/mpac/analysis/freeflow/personality-eval-bv1/arms/bv1-luna-v1-20260929/outputs/mistral-large-4-0-or-pin-mistral/LONG_19.md
CAP_20261006-mistral-large-4-house_mistral-large-4-0_BV1_LONG_20	mistralai/mistral-large-4-0	mistral-large-4-0-or-pin-mistral	LONG	openrouter	mistral-large-4-0-or-pin-mistral/LONG_20.json	2411	/home/agent/work/model-personality-corpus-v2/data/traces_freeflow/freeflow_mistral-large-4-0-or-pin-mistral/LONG_20.json	/home/agent/work/mpac/analysis/freeflow/personality-eval-bv1/arms/bv1-luna-v1-20260929/outputs/mistral-large-4-0-or-pin-mistral/LONG_20.md
CAP_20261006-mistral-large-4-house_mistral-large-4-0_BV1_LONG_21	mistralai/mistral-large-4-0	mistral-large-4-0-or-pin-mistral	LONG	openrouter	mistral-large-4-0-or-pin-mistral/LONG_21.json	3434	/home/agent/work/model-personality-corpus-v2/data/traces_freeflow/freeflow_mistral-large-4-0-or-pin-mistral/LONG_21.json	/home/agent/work/mpac/analysis/freeflow/personality-eval-bv1/arms/bv1-luna-v1-20260929/outputs/mistral-large-4-0-or-pin-mistral/LONG_21.md
CAP_20261006-mistral-large-4-house_mistral-large-4-0_BV1_LONG_22	mistralai/mistral-large-4-0	mistral-large-4-0-or-pin-mistral	LONG	openrouter	mistral-large-4-0-or-pin-mistral/LONG_22.json	1614	/home/agent/work/model-personality-corpus-v2/data/traces_freeflow/freeflow_mistral-large-4-0-or-pin-mistral/LONG_22.json	/home/agent/work/mpac/analysis/freeflow/personality-eval-bv1/arms/bv1-luna-v1-20260929/outputs/mistral-large-4-0-or-pin-mistral/LONG_22.md
CAP_20261006-mistral-large-4-house_mistral-large-4-0_BV1_LONG_23	mistralai/mistral-large-4-0	mistral-large-4-0-or-pin-mistral	LONG	openrouter	mistral-large-4-0-or-pin-mistral/LONG_23.json	2214	/home/agent/work/model-personality-corpus-v2/data/traces_freeflow/freeflow_mistral-large-4-0-or-pin-mistral/LONG_23.json	/home/agent/work/mpac/analysis/freeflow/personality-eval-bv1/arms/bv1-luna-v1-20260929/outputs/mistral-large-4-0-or-pin-mistral/LONG_23.md
CAP_20261006-mistral-large-4-house_mistral-large-4-0_BV1_LONG_24	mistralai/mistral-large-4-0	mistral-large-4-0-or-pin-mistral	LONG	openrouter	mistral-large-4-0-or-pin-mistral/LONG_24.json	2510	/home/agent/work/model-personality-corpus-v2/data/traces_freeflow/freeflow_mistral-large-4-0-or-pin-mistral/LONG_24.json	/home/agent/work/mpac/analysis/freeflow/personality-eval-bv1/arms/bv1-luna-v1-20260929/outputs/mistral-large-4-0-or-pin-mistral/LONG_24.md
CAP_20261006-mistral-large-4-house_mistral-large-4-0_BV1_LONG_25	mistralai/mistral-large-4-0	mistral-large-4-0-or-pin-mistral	LONG	openrouter	mistral-large-4-0-or-pin-mistral/LONG_25.json	2559	/home/agent/work/model-personality-corpus-v2/data/traces_freeflow/freeflow_mistral-large-4-0-or-pin-mistral/LONG_25.json	/home/agent/work/mpac/analysis/freeflow/personality-eval-bv1/arms/bv1-luna-v1-20260929/outputs/mistral-large-4-0-or-pin-mistral/LONG_25.md
CAP_20261006-mistral-large-4-house_mistral-large-4-0_BV1_OPEN_1	mistralai/mistral-large-4-0	mistral-large-4-0-or-pin-mistral	OPEN	openrouter	mistral-large-4-0-or-pin-mistral/OPEN_1.json	355	/home/agent/work/model-personality-corpus-v2/data/traces_freeflow/freeflow_mistral-large-4-0-or-pin-mistral/OPEN_1.json	/home/agent/work/mpac/analysis/freeflow/personality-eval-bv1/arms/bv1-luna-v1-20260929/outputs/mistral-large-4-0-or-pin-mistral/OPEN_1.md
CAP_20261006-mistral-large-4-house_mistral-large-4-0_BV1_OPEN_2	mistralai/mistral-large-4-0	mistral-large-4-0-or-pin-mistral	OPEN	openrouter	mistral-large-4-0-or-pin-mistral/OPEN_2.json	284	/home/agent/work/model-personality-corpus-v2/data/traces_freeflow/freeflow_mistral-large-4-0-or-pin-mistral/OPEN_2.json	/home/agent/work/mpac/analysis/freeflow/personality-eval-bv1/arms/bv1-luna-v1-20260929/outputs/mistral-large-4-0-or-pin-mistral/OPEN_2.md
CAP_20261006-mistral-large-4-house_mistral-large-4-0_BV1_OPEN_3	mistralai/mistral-large-4-0	mistral-large-4-0-or-pin-mistral	OPEN	openrouter	mistral-large-4-0-or-pin-mistral/OPEN_3.json	326	/home/agent/work/model-personality-corpus-v2/data/traces_freeflow/freeflow_mistral-large-4-0-or-pin-mistral/OPEN_3.json	/home/agent/work/mpac/analysis/freeflow/personality-eval-bv1/arms/bv1-luna-v1-20260929/outputs/mistral-large-4-0-or-pin-mistral/OPEN_3.md
CAP_20261006-mistral-large-4-house_mistral-large-4-0_BV1_OPEN_4	mistralai/mistral-large-4-0	mistral-large-4-0-or-pin-mistral	OPEN	openrouter	mistral-large-4-0-or-pin-mistral/OPEN_4.json	287	/home/agent/work/model-personality-corpus-v2/data/traces_freeflow/freeflow_mistral-large-4-0-or-pin-mistral/OPEN_4.json	/home/agent/work/mpac/analysis/freeflow/personality-eval-bv1/arms/bv1-luna-v1-20260929/outputs/mistral-large-4-0-or-pin-mistral/OPEN_4.md
CAP_20261006-mistral-large-4-house_mistral-large-4-0_BV1_OPEN_5	mistralai/mistral-large-4-0	mistral-large-4-0-or-pin-mistral	OPEN	openrouter	mistral-large-4-0-or-pin-mistral/OPEN_5.json	189	/home/agent/work/model-personality-corpus-v2/data/traces_freeflow/freeflow_mistral-large-4-0-or-pin-mistral/OPEN_5.json	/home/agent/work/mpac/analysis/freeflow/personality-eval-bv1/arms/bv1-luna-v1-20260929/outputs/mistral-large-4-0-or-pin-mistral/OPEN_5.md
CAP_20261006-mistral-large-4-house_mistral-large-4-0_BV1_OPEN_6	mistralai/mistral-large-4-0	mistral-large-4-0-or-pin-mistral	OPEN	openrouter	mistral-large-4-0-or-pin-mistral/OPEN_6.json	222	/home/agent/work/model-personality-corpus-v2/data/traces_freeflow/freeflow_mistral-large-4-0-or-pin-mistral/OPEN_6.json	/home/agent/work/mpac/analysis/freeflow/personality-eval-bv1/arms/bv1-luna-v1-20260929/outputs/mistral-large-4-0-or-pin-mistral/OPEN_6.md
CAP_20261006-mistral-large-4-house_mistral-large-4-0_BV1_OPEN_7	mistralai/mistral-large-4-0	mistral-large-4-0-or-pin-mistral	OPEN	openrouter	mistral-large-4-0-or-pin-mistral/OPEN_7.json	284	/home/agent/work/model-personality-corpus-v2/data/traces_freeflow/freeflow_mistral-large-4-0-or-pin-mistral/OPEN_7.json	/home/agent/work/mpac/analysis/freeflow/personality-eval-bv1/arms/bv1-luna-v1-20260929/outputs/mistral-large-4-0-or-pin-mistral/OPEN_7.md
CAP_20261006-mistral-large-4-house_mistral-large-4-0_BV1_OPEN_8	mistralai/mistral-large-4-0	mistral-large-4-0-or-pin-mistral	OPEN	openrouter	mistral-large-4-0-or-pin-mistral/OPEN_8.json	403	/home/agent/work/model-personality-corpus-v2/data/traces_freeflow/freeflow_mistral-large-4-0-or-pin-mistral/OPEN_8.json	/home/agent/work/mpac/analysis/freeflow/personality-eval-bv1/arms/bv1-luna-v1-20260929/outputs/mistral-large-4-0-or-pin-mistral/OPEN_8.md
CAP_20261006-mistral-large-4-house_mistral-large-4-0_BV1_OPEN_9	mistralai/mistral-large-4-0	mistral-large-4-0-or-pin-mistral	OPEN	openrouter	mistral-large-4-0-or-pin-mistral/OPEN_9.json	326	/home/agent/work/model-personality-corpus-v2/data/traces_freeflow/freeflow_mistral-large-4-0-or-pin-mistral/OPEN_9.json	/home/agent/work/mpac/analysis/freeflow/personality-eval-bv1/arms/bv1-luna-v1-20260929/outputs/mistral-large-4-0-or-pin-mistral/OPEN_9.md
CAP_20261006-mistral-large-4-house_mistral-large-4-0_BV1_OPEN_10	mistralai/mistral-large-4-0	mistral-large-4-0-or-pin-mistral	OPEN	openrouter	mistral-large-4-0-or-pin-mistral/OPEN_10.json	334	/home/agent/work/model-personality-corpus-v2/data/traces_freeflow/freeflow_mistral-large-4-0-or-pin-mistral/OPEN_10.json	/home/agent/work/mpac/analysis/freeflow/personality-eval-bv1/arms/bv1-luna-v1-20260929/outputs/mistral-large-4-0-or-pin-mistral/OPEN_10.md
CAP_20261006-mistral-large-4-house_mistral-large-4-0_BV1_OPEN_11	mistralai/mistral-large-4-0	mistral-large-4-0-or-pin-mistral	OPEN	openrouter	mistral-large-4-0-or-pin-mistral/OPEN_11.json	301	/home/agent/work/model-personality-corpus-v2/data/traces_freeflow/freeflow_mistral-large-4-0-or-pin-mistral/OPEN_11.json	/home/agent/work/mpac/analysis/freeflow/personality-eval-bv1/arms/bv1-luna-v1-20260929/outputs/mistral-large-4-0-or-pin-mistral/OPEN_11.md
CAP_20261006-mistral-large-4-house_mistral-large-4-0_BV1_OPEN_12	mistralai/mistral-large-4-0	mistral-large-4-0-or-pin-mistral	OPEN	openrouter	mistral-large-4-0-or-pin-mistral/OPEN_12.json	387	/home/agent/work/model-personality-corpus-v2/data/traces_freeflow/freeflow_mistral-large-4-0-or-pin-mistral/OPEN_12.json	/home/agent/work/mpac/analysis/freeflow/personality-eval-bv1/arms/bv1-luna-v1-20260929/outputs/mistral-large-4-0-or-pin-mistral/OPEN_12.md
CAP_20261006-mistral-large-4-house_mistral-large-4-0_BV1_OPEN_13	mistralai/mistral-large-4-0	mistral-large-4-0-or-pin-mistral	OPEN	openrouter	mistral-large-4-0-or-pin-mistral/OPEN_13.json	481	/home/agent/work/model-personality-corpus-v2/data/traces_freeflow/freeflow_mistral-large-4-0-or-pin-mistral/OPEN_13.json	/home/agent/work/mpac/analysis/freeflow/personality-eval-bv1/arms/bv1-luna-v1-20260929/outputs/mistral-large-4-0-or-pin-mistral/OPEN_13.md
CAP_20261006-mistral-large-4-house_mistral-large-4-0_BV1_OPEN_14	mistralai/mistral-large-4-0	mistral-large-4-0-or-pin-mistral	OPEN	openrouter	mistral-large-4-0-or-pin-mistral/OPEN_14.json	285	/home/agent/work/model-personality-corpus-v2/data/traces_freeflow/freeflow_mistral-large-4-0-or-pin-mistral/OPEN_14.json	/home/agent/work/mpac/analysis/freeflow/personality-eval-bv1/arms/bv1-luna-v1-20260929/outputs/mistral-large-4-0-or-pin-mistral/OPEN_14.md
CAP_20261006-mistral-large-4-house_mistral-large-4-0_BV1_OPEN_15	mistralai/mistral-large-4-0	mistral-large-4-0-or-pin-mistral	OPEN	openrouter	mistral-large-4-0-or-pin-mistral/OPEN_15.json	419	/home/agent/work/model-personality-corpus-v2/data/traces_freeflow/freeflow_mistral-large-4-0-or-pin-mistral/OPEN_15.json	/home/agent/work/mpac/analysis/freeflow/personality-eval-bv1/arms/bv1-luna-v1-20260929/outputs/mistral-large-4-0-or-pin-mistral/OPEN_15.md
CAP_20261006-mistral-large-4-house_mistral-large-4-0_BV1_OPEN_16	mistralai/mistral-large-4-0	mistral-large-4-0-or-pin-mistral	OPEN	openrouter	mistral-large-4-0-or-pin-mistral/OPEN_16.json	198	/home/agent/work/model-personality-corpus-v2/data/traces_freeflow/freeflow_mistral-large-4-0-or-pin-mistral/OPEN_16.json	/home/agent/work/mpac/analysis/freeflow/personality-eval-bv1/arms/bv1-luna-v1-20260929/outputs/mistral-large-4-0-or-pin-mistral/OPEN_16.md
CAP_20261006-mistral-large-4-house_mistral-large-4-0_BV1_OPEN_17	mistralai/mistral-large-4-0	mistral-large-4-0-or-pin-mistral	OPEN	openrouter	mistral-large-4-0-or-pin-mistral/OPEN_17.json	261	/home/agent/work/model-personality-corpus-v2/data/traces_freeflow/freeflow_mistral-large-4-0-or-pin-mistral/OPEN_17.json	/home/agent/work/mpac/analysis/freeflow/personality-eval-bv1/arms/bv1-luna-v1-20260929/outputs/mistral-large-4-0-or-pin-mistral/OPEN_17.md
CAP_20261006-mistral-large-4-house_mistral-large-4-0_BV1_OPEN_18	mistralai/mistral-large-4-0	mistral-large-4-0-or-pin-mistral	OPEN	openrouter	mistral-large-4-0-or-pin-mistral/OPEN_18.json	228	/home/agent/work/model-personality-corpus-v2/data/traces_freeflow/freeflow_mistral-large-4-0-or-pin-mistral/OPEN_18.json	/home/agent/work/mpac/analysis/freeflow/personality-eval-bv1/arms/bv1-luna-v1-20260929/outputs/mistral-large-4-0-or-pin-mistral/OPEN_18.md
CAP_20261006-mistral-large-4-house_mistral-large-4-0_BV1_OPEN_19	mistralai/mistral-large-4-0	mistral-large-4-0-or-pin-mistral	OPEN	openrouter	mistral-large-4-0-or-pin-mistral/OPEN_19.json	377	/home/agent/work/model-personality-corpus-v2/data/traces_freeflow/freeflow_mistral-large-4-0-or-pin-mistral/OPEN_19.json	/home/agent/work/mpac/analysis/freeflow/personality-eval-bv1/arms/bv1-luna-v1-20260929/outputs/mistral-large-4-0-or-pin-mistral/OPEN_19.md
CAP_20261006-mistral-large-4-house_mistral-large-4-0_BV1_OPEN_20	mistralai/mistral-large-4-0	mistral-large-4-0-or-pin-mistral	OPEN	openrouter	mistral-large-4-0-or-pin-mistral/OPEN_20.json	484	/home/agent/work/model-personality-corpus-v2/data/traces_freeflow/freeflow_mistral-large-4-0-or-pin-mistral/OPEN_20.json	/home/agent/work/mpac/analysis/freeflow/personality-eval-bv1/arms/bv1-luna-v1-20260929/outputs/mistral-large-4-0-or-pin-mistral/OPEN_20.md
CAP_20261006-mistral-large-4-house_mistral-large-4-0_BV1_OPEN_21	mistralai/mistral-large-4-0	mistral-large-4-0-or-pin-mistral	OPEN	openrouter	mistral-large-4-0-or-pin-mistral/OPEN_21.json	519	/home/agent/work/model-personality-corpus-v2/data/traces_freeflow/freeflow_mistral-large-4-0-or-pin-mistral/OPEN_21.json	/home/agent/work/mpac/analysis/freeflow/personality-eval-bv1/arms/bv1-luna-v1-20260929/outputs/mistral-large-4-0-or-pin-mistral/OPEN_21.md
CAP_20261006-mistral-large-4-house_mistral-large-4-0_BV1_OPEN_22	mistralai/mistral-large-4-0	mistral-large-4-0-or-pin-mistral	OPEN	openrouter	mistral-large-4-0-or-pin-mistral/OPEN_22.json	274	/home/agent/work/model-personality-corpus-v2/data/traces_freeflow/freeflow_mistral-large-4-0-or-pin-mistral/OPEN_22.json	/home/agent/work/mpac/analysis/freeflow/personality-eval-bv1/arms/bv1-luna-v1-20260929/outputs/mistral-large-4-0-or-pin-mistral/OPEN_22.md
CAP_20261006-mistral-large-4-house_mistral-large-4-0_BV1_OPEN_23	mistralai/mistral-large-4-0	mistral-large-4-0-or-pin-mistral	OPEN	openrouter	mistral-large-4-0-or-pin-mistral/OPEN_23.json	263	/home/agent/work/model-personality-corpus-v2/data/traces_freeflow/freeflow_mistral-large-4-0-or-pin-mistral/OPEN_23.json	/home/agent/work/mpac/analysis/freeflow/personality-eval-bv1/arms/bv1-luna-v1-20260929/outputs/mistral-large-4-0-or-pin-mistral/OPEN_23.md
CAP_20261006-mistral-large-4-house_mistral-large-4-0_BV1_OPEN_24	mistralai/mistral-large-4-0	mistral-large-4-0-or-pin-mistral	OPEN	openrouter	mistral-large-4-0-or-pin-mistral/OPEN_24.json	213	/home/agent/work/model-personality-corpus-v2/data/traces_freeflow/freeflow_mistral-large-4-0-or-pin-mistral/OPEN_24.json	/home/agent/work/mpac/analysis/freeflow/personality-eval-bv1/arms/bv1-luna-v1-20260929/outputs/mistral-large-4-0-or-pin-mistral/OPEN_24.md
CAP_20261006-mistral-large-4-house_mistral-large-4-0_BV1_OPEN_25	mistralai/mistral-large-4-0	mistral-large-4-0-or-pin-mistral	OPEN	openrouter	mistral-large-4-0-or-pin-mistral/OPEN_25.json	444	/home/agent/work/model-personality-corpus-v2/data/traces_freeflow/freeflow_mistral-large-4-0-or-pin-mistral/OPEN_25.json	/home/agent/work/mpac/analysis/freeflow/personality-eval-bv1/arms/bv1-luna-v1-20260929/outputs/mistral-large-4-0-or-pin-mistral/OPEN_25.md
CAP_20261006-mistral-large-4-house_mistral-large-4-0_BV1_VARY_1	mistralai/mistral-large-4-0	mistral-large-4-0-or-pin-mistral	VARY	openrouter	mistral-large-4-0-or-pin-mistral/VARY_1.json	1351	/home/agent/work/model-personality-corpus-v2/data/traces_freeflow/freeflow_mistral-large-4-0-or-pin-mistral/VARY_1.json	/home/agent/work/mpac/analysis/freeflow/personality-eval-bv1/arms/bv1-luna-v1-20260929/outputs/mistral-large-4-0-or-pin-mistral/VARY_1.md
CAP_20261006-mistral-large-4-house_mistral-large-4-0_BV1_VARY_2	mistralai/mistral-large-4-0	mistral-large-4-0-or-pin-mistral	VARY	openrouter	mistral-large-4-0-or-pin-mistral/VARY_2.json	1197	/home/agent/work/model-personality-corpus-v2/data/traces_freeflow/freeflow_mistral-large-4-0-or-pin-mistral/VARY_2.json	/home/agent/work/mpac/analysis/freeflow/personality-eval-bv1/arms/bv1-luna-v1-20260929/outputs/mistral-large-4-0-or-pin-mistral/VARY_2.md
CAP_20261006-mistral-large-4-house_mistral-large-4-0_BV1_VARY_3	mistralai/mistral-large-4-0	mistral-large-4-0-or-pin-mistral	VARY	openrouter	mistral-large-4-0-or-pin-mistral/VARY_3.json	1310	/home/agent/work/model-personality-corpus-v2/data/traces_freeflow/freeflow_mistral-large-4-0-or-pin-mistral/VARY_3.json	/home/agent/work/mpac/analysis/freeflow/personality-eval-bv1/arms/bv1-luna-v1-20260929/outputs/mistral-large-4-0-or-pin-mistral/VARY_3.md
CAP_20261006-mistral-large-4-house_mistral-large-4-0_BV1_VARY_4	mistralai/mistral-large-4-0	mistral-large-4-0-or-pin-mistral	VARY	openrouter	mistral-large-4-0-or-pin-mistral/VARY_4.json	1113	/home/agent/work/model-personality-corpus-v2/data/traces_freeflow/freeflow_mistral-large-4-0-or-pin-mistral/VARY_4.json	/home/agent/work/mpac/analysis/freeflow/personality-eval-bv1/arms/bv1-luna-v1-20260929/outputs/mistral-large-4-0-or-pin-mistral/VARY_4.md
CAP_20261006-mistral-large-4-house_mistral-large-4-0_BV1_VARY_5	mistralai/mistral-large-4-0	mistral-large-4-0-or-pin-mistral	VARY	openrouter	mistral-large-4-0-or-pin-mistral/VARY_5.json	1119	/home/agent/work/model-personality-corpus-v2/data/traces_freeflow/freeflow_mistral-large-4-0-or-pin-mistral/VARY_5.json	/home/agent/work/mpac/analysis/freeflow/personality-eval-bv1/arms/bv1-luna-v1-20260929/outputs/mistral-large-4-0-or-pin-mistral/VARY_5.md
CAP_20261006-mistral-large-4-house_mistral-large-4-0_BV1_VARY_6	mistralai/mistral-large-4-0	mistral-large-4-0-or-pin-mistral	VARY	openrouter	mistral-large-4-0-or-pin-mistral/VARY_6.json	1701	/home/agent/work/model-personality-corpus-v2/data/traces_freeflow/freeflow_mistral-large-4-0-or-pin-mistral/VARY_6.json	/home/agent/work/mpac/analysis/freeflow/personality-eval-bv1/arms/bv1-luna-v1-20260929/outputs/mistral-large-4-0-or-pin-mistral/VARY_6.md
CAP_20261006-mistral-large-4-house_mistral-large-4-0_BV1_VARY_7	mistralai/mistral-large-4-0	mistral-large-4-0-or-pin-mistral	VARY	openrouter	mistral-large-4-0-or-pin-mistral/VARY_7.json	1210	/home/agent/work/model-personality-corpus-v2/data/traces_freeflow/freeflow_mistral-large-4-0-or-pin-mistral/VARY_7.json	/home/agent/work/mpac/analysis/freeflow/personality-eval-bv1/arms/bv1-luna-v1-20260929/outputs/mistral-large-4-0-or-pin-mistral/VARY_7.md
CAP_20261006-mistral-large-4-house_mistral-large-4-0_BV1_VARY_8	mistralai/mistral-large-4-0	mistral-large-4-0-or-pin-mistral	VARY	openrouter	mistral-large-4-0-or-pin-mistral/VARY_8.json	1080	/home/agent/work/model-personality-corpus-v2/data/traces_freeflow/freeflow_mistral-large-4-0-or-pin-mistral/VARY_8.json	/home/agent/work/mpac/analysis/freeflow/personality-eval-bv1/arms/bv1-luna-v1-20260929/outputs/mistral-large-4-0-or-pin-mistral/VARY_8.md
CAP_20261006-mistral-large-4-house_mistral-large-4-0_BV1_VARY_9	mistralai/mistral-large-4-0	mistral-large-4-0-or-pin-mistral	VARY	openrouter	mistral-large-4-0-or-pin-mistral/VARY_9.json	1122	/home/agent/work/model-personality-corpus-v2/data/traces_freeflow/freeflow_mistral-large-4-0-or-pin-mistral/VARY_9.json	/home/agent/work/mpac/analysis/freeflow/personality-eval-bv1/arms/bv1-luna-v1-20260929/outputs/mistral-large-4-0-or-pin-mistral/VARY_9.md
CAP_20261006-mistral-large-4-house_mistral-large-4-0_BV1_VARY_10	mistralai/mistral-large-4-0	mistral-large-4-0-or-pin-mistral	VARY	openrouter	mistral-large-4-0-or-pin-mistral/VARY_10.json	832	/home/agent/work/model-personality-corpus-v2/data/traces_freeflow/freeflow_mistral-large-4-0-or-pin-mistral/VARY_10.json	/home/agent/work/mpac/analysis/freeflow/personality-eval-bv1/arms/bv1-luna-v1-20260929/outputs/mistral-large-4-0-or-pin-mistral/VARY_10.md
CAP_20261006-mistral-large-4-house_mistral-large-4-0_BV1_VARY_11	mistralai/mistral-large-4-0	mistral-large-4-0-or-pin-mistral	VARY	openrouter	mistral-large-4-0-or-pin-mistral/VARY_11.json	1302	/home/agent/work/model-personality-corpus-v2/data/traces_freeflow/freeflow_mistral-large-4-0-or-pin-mistral/VARY_11.json	/home/agent/work/mpac/analysis/freeflow/personality-eval-bv1/arms/bv1-luna-v1-20260929/outputs/mistral-large-4-0-or-pin-mistral/VARY_11.md
CAP_20261006-mistral-large-4-house_mistral-large-4-0_BV1_VARY_12	mistralai/mistral-large-4-0	mistral-large-4-0-or-pin-mistral	VARY	openrouter	mistral-large-4-0-or-pin-mistral/VARY_12.json	1397	/home/agent/work/model-personality-corpus-v2/data/traces_freeflow/freeflow_mistral-large-4-0-or-pin-mistral/VARY_12.json	/home/agent/work/mpac/analysis/freeflow/personality-eval-bv1/arms/bv1-luna-v1-20260929/outputs/mistral-large-4-0-or-pin-mistral/VARY_12.md
CAP_20261006-mistral-large-4-house_mistral-large-4-0_BV1_VARY_13	mistralai/mistral-large-4-0	mistral-large-4-0-or-pin-mistral	VARY	openrouter	mistral-large-4-0-or-pin-mistral/VARY_13.json	833	/home/agent/work/model-personality-corpus-v2/data/traces_freeflow/freeflow_mistral-large-4-0-or-pin-mistral/VARY_13.json	/home/agent/work/mpac/analysis/freeflow/personality-eval-bv1/arms/bv1-luna-v1-20260929/outputs/mistral-large-4-0-or-pin-mistral/VARY_13.md
CAP_20261006-mistral-large-4-house_mistral-large-4-0_BV1_VARY_14	mistralai/mistral-large-4-0	mistral-large-4-0-or-pin-mistral	VARY	openrouter	mistral-large-4-0-or-pin-mistral/VARY_14.json	989	/home/agent/work/model-personality-corpus-v2/data/traces_freeflow/freeflow_mistral-large-4-0-or-pin-mistral/VARY_14.json	/home/agent/work/mpac/analysis/freeflow/personality-eval-bv1/arms/bv1-luna-v1-20260929/outputs/mistral-large-4-0-or-pin-mistral/VARY_14.md
CAP_20261006-mistral-large-4-house_mistral-large-4-0_BV1_VARY_15	mistralai/mistral-large-4-0	mistral-large-4-0-or-pin-mistral	VARY	openrouter	mistral-large-4-0-or-pin-mistral/VARY_15.json	948	/home/agent/work/model-personality-corpus-v2/data/traces_freeflow/freeflow_mistral-large-4-0-or-pin-mistral/VARY_15.json	/home/agent/work/mpac/analysis/freeflow/personality-eval-bv1/arms/bv1-luna-v1-20260929/outputs/mistral-large-4-0-or-pin-mistral/VARY_15.md
CAP_20261006-mistral-large-4-house_mistral-large-4-0_BV1_VARY_16	mistralai/mistral-large-4-0	mistral-large-4-0-or-pin-mistral	VARY	openrouter	mistral-large-4-0-or-pin-mistral/VARY_16.json	1669	/home/agent/work/model-personality-corpus-v2/data/traces_freeflow/freeflow_mistral-large-4-0-or-pin-mistral/VARY_16.json	/home/agent/work/mpac/analysis/freeflow/personality-eval-bv1/arms/bv1-luna-v1-20260929/outputs/mistral-large-4-0-or-pin-mistral/VARY_16.md
CAP_20261006-mistral-large-4-house_mistral-large-4-0_BV1_VARY_17	mistralai/mistral-large-4-0	mistral-large-4-0-or-pin-mistral	VARY	openrouter	mistral-large-4-0-or-pin-mistral/VARY_17.json	1137	/home/agent/work/model-personality-corpus-v2/data/traces_freeflow/freeflow_mistral-large-4-0-or-pin-mistral/VARY_17.json	/home/agent/work/mpac/analysis/freeflow/personality-eval-bv1/arms/bv1-luna-v1-20260929/outputs/mistral-large-4-0-or-pin-mistral/VARY_17.md
CAP_20261006-mistral-large-4-house_mistral-large-4-0_BV1_VARY_18	mistralai/mistral-large-4-0	mistral-large-4-0-or-pin-mistral	VARY	openrouter	mistral-large-4-0-or-pin-mistral/VARY_18.json	878	/home/agent/work/model-personality-corpus-v2/data/traces_freeflow/freeflow_mistral-large-4-0-or-pin-mistral/VARY_18.json	/home/agent/work/mpac/analysis/freeflow/personality-eval-bv1/arms/bv1-luna-v1-20260929/outputs/mistral-large-4-0-or-pin-mistral/VARY_18.md
CAP_20261006-mistral-large-4-house_mistral-large-4-0_BV1_VARY_19	mistralai/mistral-large-4-0	mistral-large-4-0-or-pin-mistral	VARY	openrouter	mistral-large-4-0-or-pin-mistral/VARY_19.json	737	/home/agent/work/model-personality-corpus-v2/data/traces_freeflow/freeflow_mistral-large-4-0-or-pin-mistral/VARY_19.json	/home/agent/work/mpac/analysis/freeflow/personality-eval-bv1/arms/bv1-luna-v1-20260929/outputs/mistral-large-4-0-or-pin-mistral/VARY_19.md
CAP_20261006-mistral-large-4-house_mistral-large-4-0_BV1_VARY_20	mistralai/mistral-large-4-0	mistral-large-4-0-or-pin-mistral	VARY	openrouter	mistral-large-4-0-or-pin-mistral/VARY_20.json	1072	/home/agent/work/model-personality-corpus-v2/data/traces_freeflow/freeflow_mistral-large-4-0-or-pin-mistral/VARY_20.json	/home/agent/work/mpac/analysis/freeflow/personality-eval-bv1/arms/bv1-luna-v1-20260929/outputs/mistral-large-4-0-or-pin-mistral/VARY_20.md
CAP_20261006-mistral-large-4-house_mistral-large-4-0_BV1_VARY_21	mistralai/mistral-large-4-0	mistral-large-4-0-or-pin-mistral	VARY	openrouter	mistral-large-4-0-or-pin-mistral/VARY_21.json	2273	/home/agent/work/model-personality-corpus-v2/data/traces_freeflow/freeflow_mistral-large-4-0-or-pin-mistral/VARY_21.json	/home/agent/work/mpac/analysis/freeflow/personality-eval-bv1/arms/bv1-luna-v1-20260929/outputs/mistral-large-4-0-or-pin-mistral/VARY_21.md
CAP_20261006-mistral-large-4-house_mistral-large-4-0_BV1_VARY_22	mistralai/mistral-large-4-0	mistral-large-4-0-or-pin-mistral	VARY	openrouter	mistral-large-4-0-or-pin-mistral/VARY_22.json	1348	/home/agent/work/model-personality-corpus-v2/data/traces_freeflow/freeflow_mistral-large-4-0-or-pin-mistral/VARY_22.json	/home/agent/work/mpac/analysis/freeflow/personality-eval-bv1/arms/bv1-luna-v1-20260929/outputs/mistral-large-4-0-or-pin-mistral/VARY_22.md
CAP_20261006-mistral-large-4-house_mistral-large-4-0_BV1_VARY_23	mistralai/mistral-large-4-0	mistral-large-4-0-or-pin-mistral	VARY	openrouter	mistral-large-4-0-or-pin-mistral/VARY_23.json	1090	/home/agent/work/model-personality-corpus-v2/data/traces_freeflow/freeflow_mistral-large-4-0-or-pin-mistral/VARY_23.json	/home/agent/work/mpac/analysis/freeflow/personality-eval-bv1/arms/bv1-luna-v1-20260929/outputs/mistral-large-4-0-or-pin-mistral/VARY_23.md
CAP_20261006-mistral-large-4-house_mistral-large-4-0_BV1_VARY_24	mistralai/mistral-large-4-0	mistral-large-4-0-or-pin-mistral	VARY	openrouter	mistral-large-4-0-or-pin-mistral/VARY_24.json	641	/home/agent/work/model-personality-corpus-v2/data/traces_freeflow/freeflow_mistral-large-4-0-or-pin-mistral/VARY_24.json	/home/agent/work/mpac/analysis/freeflow/personality-eval-bv1/arms/bv1-luna-v1-20260929/outputs/mistral-large-4-0-or-pin-mistral/VARY_24.md
CAP_20261006-mistral-large-4-house_mistral-large-4-0_BV1_VARY_25	mistralai/mistral-large-4-0	mistral-large-4-0-or-pin-mistral	VARY	openrouter	mistral-large-4-0-or-pin-mistral/VARY_25.json	811	/home/agent/work/model-personality-corpus-v2/data/traces_freeflow/freeflow_mistral-large-4-0-or-pin-mistral/VARY_25.json	/home/agent/work/mpac/analysis/freeflow/personality-eval-bv1/arms/bv1-luna-v1-20260929/outputs/mistral-large-4-0-or-pin-mistral/VARY_25.md
